"Transaction ID","Amount","Date","Email","Phone","Country","Payment Mode"
"T00001",134.8,"2024-10-08","gdctopa@gmail.com","2501652580","India","Debit Card"
"T00002",1707.85,"2024-06-08","ftcjjig@gmail.com","75935868","Singapore","Wallet"
"T00003",3525.81,"2024-02-16","ruzwwjl@outlook.com","1367606524","India","Net Banking"
"T00004",3426.23,"2026-02-25","ufaigfy@outlook.com","2486117574","India","Wallet"
"T00005",1816.36,"2024-05-21","ncbcquk@gmail.com","35425961","Singapore","Wallet"
"T00006",3845.31,"2024-12-14","cllywgn@yahoo.com","51685131","Singapore","Wallet"
"T00007",2998.73,"2025-05-15","aywvhbw@gmail.com","0407714528","India","UPI"
"T00008",4645.28,"2026-02-12","sfizqln@gmail.com","2005507000","India","Net Banking"
"T00009",2575.64,"2024-10-12","rfdyomu@mail.com","1044476904","India","Net Banking"
"T00010",1250.8,"2024-07-13","ndemwbv@gmail.com","0989981424","India","Credit Card"
"T00011",1901.08,"2025-02-03","gulkyzo@mail.com","1295570558","India","Debit Card"
"T00012",4804.29,"2024-03-23","wbbwkyo@gmail.com","6455927236","India","Net Banking"
"T00013",1587.72,"2026-02-08","yaqocnn@yahoo.com","98831876","Singapore","Wallet"
"T00014",3342.64,"2025-07-21","hryddco@outlook.com","2236852906","India","Net Banking"
"T00015",27.69,"2026-02-28","dzelsoc@yahoo.com","5851138788","India","Debit Card"
"T00016",3338,"2024-12-28","uwkqeyw@yahoo.com","8073988827","India","Credit Card"
"T00017",4362.11,"2025-04-26","fvlhufa@yahoo.com","32073568","Singapore","Net Banking"
"T00018",585.56,"2024-09-24","ezgclsi@gmail.com","3527095776","India","Net Banking"
"T00019",359.17,"2025-11-11","xqrdxnr@outlook.com","42149696","Singapore","Net Banking"
"T00020",2744.21,"2024-01-01","hfupilr@mail.com","79762660","Singapore","Debit Card"
"T00021",1130.96,"2024-07-22","dbzptlx@yahoo.com","73316888","Singapore","UPI"
"T00022",887.67,"2025-12-13","nbgwlur@outlook.com","9867585874","India","Net Banking"
"T00023",4200.92,"2024-10-10","tnqhchh@outlook.com","8013124340","India","UPI"
"T00024",4525.14,"2025-08-21","yawomyh@mail.com","89475622","Singapore","UPI"
"T00025",154.83,"2024-12-10","rusvxzn@mail.com","56048123","Singapore","UPI"
"T00026",1694.13,"2025-01-23","hykvmtb@outlook.com","20900286","Singapore","Debit Card"
"T00027",2373.07,"2024-04-27","ofstept@gmail.com","7135959391","India","Wallet"
"T00028",518.49,"2026-03-02","hruuobn@outlook.com","0604443841","India","Debit Card"
"T00029",3083.4,"2025-07-05","umvpigy@outlook.com","82463081","Singapore","Debit Card"
"T00030",3991.18,"2024-12-14","hpwoneg@mail.com","47664702","Singapore","Debit Card"
"T00031",3323.16,"2025-01-12","mnltish@outlook.com","27379617","Singapore","Net Banking"
"T00032",4902.75,"2024-07-17","hjhsdbb@outlook.com","61848544","Singapore","Debit Card"
"T00033",1269.87,"2025-05-04","cbmprdv@outlook.com","0254567392","India","Wallet"
"T00034",1533.85,"2025-09-27","byctqgc@yahoo.com","10045227","Singapore","UPI"
"T00035",3440.05,"2024-09-27","uqryloq@outlook.com","8013752166","India","Net Banking"
"T00036",2194.42,"2025-09-04","bligczv@gmail.com","96207469","Singapore","Debit Card"
"T00037",3177.58,"2025-05-18","zmkicek@mail.com","29854339","Singapore","UPI"
"T00038",3291.73,"2025-07-09","mbnqmlb@outlook.com","5946196215","India","Wallet"
"T00039",475.11,"2024-04-26","ldvmsnh@mail.com","92539588","Singapore","Net Banking"
"T00040",1705.98,"2025-06-03","gasvprw@mail.com","53554316","Singapore","Wallet"
"T00041",1175.48,"2026-03-05","kimxjzu@yahoo.com","40558845","Singapore","UPI"
"T00042",3614.99,"2025-02-23","wzbugqk@gmail.com","8883377800","India","Net Banking"
"T00043",3736.36,"2025-03-20","ztsceha@outlook.com","7231557108","India","Wallet"
"T00044",2493.36,"2025-08-20","dlggaux@yahoo.com","0992964398","India","Credit Card"
"T00045",1913.01,"2025-01-02","ozhzrho@gmail.com","9789728212","India","Debit Card"
"T00046",4517.98,"2025-10-23","buajdxi@mail.com","1159598284","India","Net Banking"
"T00047",4023.12,"2025-04-24","zdzwszz@outlook.com","03213723","Singapore","Net Banking"
"T00048",3377.43,"2025-04-27","awoxfbv@outlook.com","6100912533","India","Wallet"
"T00049",2940.83,"2026-01-14","ekcmkya@outlook.com","24239396","Singapore","Credit Card"
"T00050",1386.65,"2024-05-05","yvcfqzb@outlook.com","21507228","Singapore","Net Banking"
"T00051",3945.33,"2025-09-02","awddger@gmail.com","1375021410","India","UPI"
"T00052",2571.06,"2024-04-21","lfpsxrh@gmail.com","04464900","Singapore","Wallet"
"T00053",337.75,"2024-10-08","qpsjphn@mail.com","0786772423","India","UPI"
"T00054",2085.79,"2024-04-07","iigyrmc@gmail.com","00785553","Singapore","Credit Card"
"T00055",1774.45,"2025-11-12","ykxbhic@yahoo.com","14835122","Singapore","UPI"
"T00056",3048.88,"2025-11-04","vgesiia@yahoo.com","5416072433","India","Net Banking"
"T00057",4417.88,"2024-06-08","eqrhrml@outlook.com","2531655329","India","Credit Card"
"T00058",1030.07,"2024-08-04","tthdmld@yahoo.com","5880800985","India","Wallet"
"T00059",3550.4,"2025-03-03","hkzeylr@outlook.com","08255333","Singapore","Net Banking"
"T00060",391.13,"2025-10-10","cnxjsvv@yahoo.com","1211709645","India","Wallet"
"T00061",3408.86,"2025-08-01","qzizilm@outlook.com","75304032","Singapore","Credit Card"
"T00062",2318.93,"2025-07-21","ytbxoep@yahoo.com","94889060","Singapore","UPI"
"T00063",2625.1,"2025-09-16","ejhkipu@outlook.com","00627698","Singapore","Net Banking"
"T00064",2917.87,"2024-05-24","xirrdsc@mail.com","6317999065","India","Credit Card"
"T00065",1551.24,"2024-08-07","itezehu@gmail.com","68651166","Singapore","Debit Card"
"T00066",228.03,"2025-01-08","rglhtln@outlook.com","97916547","Singapore","UPI"
"T00067",4831.68,"2024-07-23","udgqwoc@gmail.com","27291492","Singapore","UPI"
"T00068",4653.05,"2025-02-28","bngzjay@outlook.com","71286174","Singapore","Credit Card"
"T00069",104.83,"2024-08-08","vosnchh@gmail.com","2660845657","India","Net Banking"
"T00070",17.81,"2024-12-27","gkrczbn@gmail.com","34692073","Singapore","Credit Card"
"T00071",675.71,"2024-12-26","oveumsq@yahoo.com","07420109","Singapore","Wallet"
"T00072",4945.72,"2025-07-10","maqhwbr@outlook.com","13878394","Singapore","UPI"
"T00073",4622.31,"2025-06-15","gcllzeh@gmail.com","06364630","Singapore","Net Banking"
"T00074",1380.03,"2024-02-28","bqjuryd@mail.com","00733566","Singapore","Net Banking"
"T00075",2225.26,"2024-03-19","onkqgct@mail.com","59177266","Singapore","UPI"
"T00076",621.96,"2024-03-16","lxlcrvi@outlook.com","7522177132","India","Debit Card"
"T00077",1191.31,"2025-05-20","aojuopc@outlook.com","3744451304","India","Wallet"
"T00078",650.39,"2026-03-09","optdnwv@yahoo.com","31929520","Singapore","Debit Card"
"T00079",634.6,"2024-11-06","pcqppeq@outlook.com","85800656","Singapore","Wallet"
"T00080",3094.36,"2024-02-01","mqhymur@outlook.com","46144318","Singapore","Net Banking"
"T00081",4877.12,"2024-05-13","tncgdld@gmail.com","23628135","Singapore","Net Banking"
"T00082",3817.98,"2025-05-25","zmwmckl@yahoo.com","2304864584","India","Net Banking"
"T00083",3821.65,"2025-01-09","bbojhkl@outlook.com","86610395","Singapore","Net Banking"
"T00084",1003.3,"2025-06-05","kbbsund@yahoo.com","3619723857","India","Net Banking"
"T00085",4080.59,"2025-01-12","ickhxwq@mail.com","26952045","Singapore","Wallet"
"T00086",747.4,"2025-11-28","goselkk@yahoo.com","47987012","Singapore","Net Banking"
"T00087",2632.13,"2024-11-17","ylnorwr@outlook.com","61252922","Singapore","Debit Card"
"T00088",1592.03,"2024-12-23","oyshoox@mail.com","89822734","Singapore","Net Banking"
"T00089",1077.79,"2025-07-05","hohctgb@yahoo.com","60471705","Singapore","Debit Card"
"T00090",3267.94,"2025-05-02","mfziqxc@yahoo.com","57991819","Singapore","UPI"
"T00091",939.7,"2026-02-05","zywaocz@outlook.com","46581528","Singapore","Net Banking"
"T00092",3658.28,"2025-10-25","getuote@mail.com","8506113222","India","Net Banking"
"T00093",1516.71,"2026-01-10","ogjgrme@outlook.com","66932944","Singapore","Wallet"
"T00094",2085.07,"2025-07-16","xtuvtrp@gmail.com","55391892","Singapore","Wallet"
"T00095",831.04,"2025-06-16","lrsmxlb@yahoo.com","5404873875","India","Credit Card"
"T00096",1729.2,"2024-03-06","obxzmhe@yahoo.com","79649389","Singapore","UPI"
"T00097",3416.82,"2025-11-08","wdwdzkd@yahoo.com","8794743241","India","Debit Card"
"T00098",170.76,"2025-11-07","ktwafca@gmail.com","2045771929","India","Wallet"
"T00099",2891.6,"2026-03-02","rihdrfh@gmail.com","55716503","Singapore","UPI"
"T00100",3484.58,"2025-02-22","djtmwhs@mail.com","95951226","Singapore","UPI"
"T00101",471.4,"2026-01-11","vbjpbbu@yahoo.com","48390991","Singapore","UPI"
"T00102",3481.18,"2025-12-21","fxoujnj@outlook.com","3848773230","India","Debit Card"
"T00103",90.94,"2025-07-20","ypkdijv@mail.com","5937477473","India","Debit Card"
"T00104",928.4,"2025-07-09","zynvbvb@gmail.com","48270536","Singapore","Wallet"
"T00105",3299.83,"2024-01-17","aoanhza@mail.com","89101158","Singapore","Net Banking"
"T00106",404.31,"2025-02-19","lgshvcz@gmail.com","03500144","Singapore","Net Banking"
"T00107",4475.01,"2024-02-13","fxrohyr@outlook.com","8509395773","India","Credit Card"
"T00108",820.63,"2024-09-03","owrojtu@gmail.com","59048379","Singapore","UPI"
"T00109",157.83,"2024-10-06","ulfojep@mail.com","06770176","Singapore","UPI"
"T00110",1809.89,"2024-04-03","aijhdel@mail.com","10557804","Singapore","Credit Card"
"T00111",2864.08,"2024-06-22","reggdeh@outlook.com","4022651139","India","Net Banking"
"T00112",4022.34,"2024-12-03","llvqphp@yahoo.com","41337697","Singapore","Net Banking"
"T00113",1408.7,"2025-02-06","jyfzeta@mail.com","92780876","Singapore","Debit Card"
"T00114",1217.69,"2025-11-05","eljlppn@mail.com","57385607","Singapore","Net Banking"
"T00115",3238.53,"2024-02-15","oqqziuc@gmail.com","2555543755","India","Net Banking"
"T00116",2419.03,"2024-10-29","kzdydil@yahoo.com","5307400703","India","Credit Card"
"T00117",4650.31,"2026-01-28","geeoygk@yahoo.com","1637844022","India","Credit Card"
"T00118",3999.52,"2025-07-03","eilgwnq@mail.com","6538687260","India","Debit Card"
"T00119",598.13,"2024-11-08","djdkpok@mail.com","66695413","Singapore","UPI"
"T00120",4328.96,"2024-01-10","mfjoqkm@mail.com","4007225147","India","UPI"
"T00121",2867.84,"2024-10-01","uvjvbso@mail.com","1872943849","India","Debit Card"
"T00122",4055.41,"2025-08-25","rwplquv@gmail.com","5551925959","India","Credit Card"
"T00123",4814.23,"2025-02-25","xzwdwgs@yahoo.com","7645244680","India","Wallet"
"T00124",3476.57,"2025-01-12","lmpwwcz@outlook.com","87398432","Singapore","Wallet"
"T00125",2835.05,"2025-05-11","uxtbqva@yahoo.com","4092616192","India","Net Banking"
"T00126",421.28,"2025-11-11","xekhsgr@gmail.com","04126068","Singapore","UPI"
"T00127",2393.72,"2024-08-22","jsciwdu@yahoo.com","6605613279","India","Wallet"
"T00128",4301.21,"2024-03-29","xddsjlu@yahoo.com","20566768","Singapore","Net Banking"
"T00129",2593.57,"2025-06-05","ekquugk@yahoo.com","4559991853","India","Debit Card"
"T00130",4772.72,"2026-02-27","bpafxyk@outlook.com","65470562","Singapore","Net Banking"
"T00131",2561.41,"2024-07-27","zeiptqq@outlook.com","6780044637","India","Debit Card"
"T00132",73.2,"2024-05-20","seynuse@yahoo.com","7871834529","India","Credit Card"
"T00133",2281.44,"2025-01-03","bweeuxr@gmail.com","25082431","Singapore","Credit Card"
"T00134",1130.33,"2024-09-11","kshcjnx@yahoo.com","25048873","Singapore","Credit Card"
"T00135",49.77,"2024-07-24","hutgjzz@yahoo.com","75719056","Singapore","Credit Card"
"T00136",17.3,"2025-11-04","jthfzky@yahoo.com","70985739","Singapore","Credit Card"
"T00137",2532.08,"2025-10-14","vbolzgg@outlook.com","9383429171","India","Credit Card"
"T00138",2253.34,"2024-11-17","knzfigd@yahoo.com","8376281793","India","Credit Card"
"T00139",1308.23,"2024-06-27","akltgmu@yahoo.com","10721469","Singapore","Credit Card"
"T00140",4587.97,"2024-03-17","abxldxv@outlook.com","19094743","Singapore","UPI"
"T00141",1776.18,"2024-07-10","hldpqqm@mail.com","0211856879","India","Net Banking"
"T00142",2727.14,"2025-05-11","ioihapa@outlook.com","09579916","Singapore","Net Banking"
"T00143",3822.61,"2024-08-12","ozkyzeg@outlook.com","8690795519","India","UPI"
"T00144",886.03,"2024-02-08","cgfnaxf@yahoo.com","31880171","Singapore","Credit Card"
"T00145",4803.19,"2025-01-17","srpiizt@mail.com","79619697","Singapore","Debit Card"
"T00146",1898.14,"2026-01-21","rdsyykz@gmail.com","1386614303","India","Net Banking"
"T00147",3184.57,"2024-03-31","vrsiafs@outlook.com","2103798435","India","Credit Card"
"T00148",3945.76,"2025-08-14","qrebvhi@gmail.com","01375805","Singapore","Wallet"
"T00149",3525.48,"2025-03-17","yexecfe@outlook.com","62035400","Singapore","Credit Card"
"T00150",4121.25,"2025-10-02","pfaehcv@outlook.com","74826333","Singapore","Debit Card"
"T00151",232.64,"2025-03-26","mfgbtrc@outlook.com","84720359","Singapore","UPI"
"T00152",2386.55,"2024-03-21","kwaonoz@yahoo.com","1719981494","India","Debit Card"
"T00153",1605.55,"2026-01-14","xbkkihl@gmail.com","76544157","Singapore","Credit Card"
"T00154",2817.79,"2024-04-13","uwwwgro@mail.com","0216608327","India","Net Banking"
"T00155",110.96,"2024-11-06","ivwrzfh@mail.com","73760494","Singapore","UPI"
"T00156",4106.88,"2025-06-11","ubskuno@yahoo.com","18824972","Singapore","UPI"
"T00157",3180.69,"2024-05-06","rgmlymo@outlook.com","18762315","Singapore","Debit Card"
"T00158",3240.43,"2025-11-24","fqnwzrm@yahoo.com","6602839643","India","Net Banking"
"T00159",1267.47,"2025-04-22","hnqpazz@outlook.com","55264323","Singapore","Net Banking"
"T00160",3284.04,"2025-10-29","hdtxuup@outlook.com","67692430","Singapore","Wallet"
"T00161",1722.4,"2025-12-31","fnuxrnv@yahoo.com","2477599862","India","Debit Card"
"T00162",2108.16,"2024-12-05","jpmdbqp@gmail.com","41165481","Singapore","Debit Card"
"T00163",2051.87,"2025-08-06","xzdweci@yahoo.com","30427517","Singapore","Credit Card"
"T00164",3076.25,"2025-10-10","llmansy@outlook.com","7500728315","India","Net Banking"
"T00165",335.78,"2024-02-16","hhspixz@outlook.com","9471980292","India","Credit Card"
"T00166",624.58,"2025-12-29","qawgnbz@gmail.com","6064354166","India","Net Banking"
"T00167",3311.71,"2025-11-09","nqskxnq@outlook.com","11112527","Singapore","Net Banking"
"T00168",206.63,"2025-05-23","xrmgacc@mail.com","1057122924","India","Credit Card"
"T00169",4371.96,"2024-10-24","jrldwxa@yahoo.com","6134680814","India","UPI"
"T00170",4180.18,"2025-12-07","wuqucsb@yahoo.com","19454676","Singapore","Debit Card"
"T00171",4602.79,"2024-04-25","xlbrawn@yahoo.com","96357062","Singapore","Net Banking"
"T00172",751.79,"2025-07-25","xpaynmm@yahoo.com","04290264","Singapore","Debit Card"
"T00173",2300.88,"2025-08-09","lwldmqc@mail.com","0587968564","India","Net Banking"
"T00174",4128.3,"2024-08-16","vitpsjl@gmail.com","72389257","Singapore","Credit Card"
"T00175",2467.19,"2026-01-04","tkgfdwf@yahoo.com","7149857469","India","Debit Card"
"T00176",31.64,"2026-01-23","byvmnxe@yahoo.com","71368539","Singapore","Debit Card"
"T00177",1995.37,"2024-12-17","zldksth@outlook.com","79626236","Singapore","Debit Card"
"T00178",3554.66,"2026-02-18","jmorktv@outlook.com","84013002","Singapore","Debit Card"
"T00179",3420.12,"2024-05-29","vrhtavc@yahoo.com","75277269","Singapore","UPI"
"T00180",4783.94,"2025-12-02","ioagquw@yahoo.com","97675679","Singapore","Net Banking"
"T00181",895.36,"2025-11-30","bztdbhg@yahoo.com","52371130","Singapore","Wallet"
"T00182",2457.85,"2025-08-09","obsnynu@yahoo.com","45022332","Singapore","Wallet"
"T00183",4983.19,"2026-02-09","zarlxpq@gmail.com","63993529","Singapore","Net Banking"
"T00184",2439.16,"2024-10-30","xfnyeyn@gmail.com","62626828","Singapore","UPI"
"T00185",3736.99,"2024-06-06","asabegb@yahoo.com","9444331070","India","Wallet"
"T00186",3507.4,"2024-03-15","jnhrphy@mail.com","3645137591","India","Net Banking"
"T00187",2772.09,"2025-07-22","dbokocf@outlook.com","2981162165","India","Credit Card"
"T00188",3226.93,"2024-03-15","hbcsmid@yahoo.com","16934635","Singapore","Wallet"
"T00189",4040.42,"2025-03-14","eiusqhj@outlook.com","84335168","Singapore","Debit Card"
"T00190",1323.54,"2025-10-03","bbanapk@yahoo.com","9559473277","India","Net Banking"
"T00191",2328.86,"2025-06-06","cjagzzr@yahoo.com","4196974324","India","Credit Card"
"T00192",1853.48,"2024-02-13","rnukxwb@outlook.com","19627553","Singapore","UPI"
"T00193",2942.52,"2024-03-20","njxnjwm@mail.com","80842521","Singapore","Debit Card"
"T00194",3014.08,"2024-05-01","rkicrmp@mail.com","00516050","Singapore","Net Banking"
"T00195",2588.04,"2025-02-19","poasrhc@mail.com","6442415765","India","Debit Card"
"T00196",4612.54,"2025-09-02","pfkcfwn@mail.com","86195857","Singapore","Credit Card"
"T00197",3300.37,"2025-09-09","oayrlkw@mail.com","28735776","Singapore","Credit Card"
"T00198",678.08,"2025-05-03","txcpoga@gmail.com","51066331","Singapore","Wallet"
"T00199",1313.9,"2025-07-02","ljhrtku@mail.com","15495731","Singapore","Credit Card"
"T00200",2238.51,"2025-12-17","ycnuupr@gmail.com","1900194020","India","Credit Card"
"T00201",4654.12,"2025-02-14","pnspyvq@mail.com","08951756","Singapore","Wallet"
"T00202",3373.38,"2025-01-03","gaezujk@yahoo.com","5700289392","India","Wallet"
"T00203",2279.25,"2025-02-17","ogkcbhy@outlook.com","8856957794","India","UPI"
"T00204",2415.03,"2024-09-21","bqzrfiy@gmail.com","7223735132","India","Wallet"
"T00205",922.09,"2026-02-03","rxmftwf@yahoo.com","88371094","Singapore","Credit Card"
"T00206",4241.57,"2025-01-15","qmzxwmz@outlook.com","3715490387","India","UPI"
"T00207",3494.24,"2025-04-16","iarjcjw@yahoo.com","5246342738","India","Net Banking"
"T00208",907.65,"2024-05-14","zrvsuow@yahoo.com","19181498","Singapore","Wallet"
"T00209",3928.81,"2024-11-03","gwbcefg@gmail.com","43359201","Singapore","Wallet"
"T00210",2888.5,"2025-10-27","qeujrmt@gmail.com","3261183658","India","Credit Card"
"T00211",818.38,"2024-08-21","iqspkxu@outlook.com","7541812277","India","Debit Card"
"T00212",1991.26,"2024-04-07","bwoaktc@outlook.com","6093274151","India","Credit Card"
"T00213",4303.24,"2024-11-29","wmwyody@yahoo.com","54784659","Singapore","UPI"
"T00214",4025.49,"2025-03-28","ikeantd@outlook.com","4099404220","India","Net Banking"
"T00215",2064.56,"2025-07-28","lgsqvfc@yahoo.com","5766265210","India","Debit Card"
"T00216",560.68,"2025-04-11","qhqeabn@yahoo.com","92140002","Singapore","UPI"
"T00217",3930.77,"2025-05-25","zmuivyb@mail.com","04188817","Singapore","Debit Card"
"T00218",3858.41,"2025-03-29","gzftcrf@mail.com","63360952","Singapore","Net Banking"
"T00219",1808.53,"2024-02-23","wfcqieh@gmail.com","3295661724","India","Wallet"
"T00220",4654.94,"2026-02-16","qbqsudg@outlook.com","84163184","Singapore","UPI"
"T00221",2718.24,"2025-05-16","eejthvx@yahoo.com","01223063","Singapore","Debit Card"
"T00222",3102.48,"2025-01-07","ugsrokn@mail.com","7124306091","India","Credit Card"
"T00223",544.21,"2024-07-15","covrnsg@outlook.com","2709698463","India","UPI"
"T00224",3973.31,"2024-02-29","vgbbhyy@gmail.com","12316595","Singapore","Wallet"
"T00225",3733.08,"2026-02-23","qjlrwee@mail.com","56559959","Singapore","Net Banking"
"T00226",3823.28,"2025-03-16","vigojot@outlook.com","94379559","Singapore","Net Banking"
"T00227",1508.67,"2024-08-15","fiuyvxn@yahoo.com","0412822355","India","Debit Card"
"T00228",3620.67,"2025-05-09","evroxph@mail.com","0073848826","India","Wallet"
"T00229",3173.1,"2025-10-09","jhbodnf@gmail.com","6997504713","India","UPI"
"T00230",2745.28,"2024-09-25","cnuddom@yahoo.com","5952246514","India","Net Banking"
"T00231",960.54,"2024-12-18","pahzqzl@yahoo.com","49261707","Singapore","Debit Card"
"T00232",4345.07,"2024-10-21","asclafn@yahoo.com","5756966395","India","Net Banking"
"T00233",309.95,"2024-07-24","uqbrakh@outlook.com","8086239038","India","Wallet"
"T00234",940.22,"2025-05-27","zosbxhm@yahoo.com","0633992023","India","Credit Card"
"T00235",1135.66,"2024-12-15","xrcjypq@yahoo.com","45436416","Singapore","Wallet"
"T00236",4314.31,"2024-11-12","rxxlxur@yahoo.com","3591387784","India","UPI"
"T00237",2220.59,"2025-10-14","yhucetp@outlook.com","66520071","Singapore","Wallet"
"T00238",3562.98,"2025-01-17","ekmefkz@outlook.com","92622194","Singapore","Wallet"
"T00239",3442.43,"2025-04-13","xlupvsk@gmail.com","54809537","Singapore","Wallet"
"T00240",2585.47,"2025-10-07","zelwuhe@outlook.com","60518471","Singapore","Wallet"
"T00241",1971.4,"2024-11-27","lepsflg@yahoo.com","7114353759","India","UPI"
"T00242",229.09,"2024-06-23","xordwes@mail.com","37921890","Singapore","Net Banking"
"T00243",2298.63,"2025-05-25","oawgpmk@gmail.com","6082682103","India","Debit Card"
"T00244",3338.31,"2025-09-09","hxbkerp@yahoo.com","9730738878","India","Credit Card"
"T00245",2359.38,"2024-05-04","shnnspc@gmail.com","46992635","Singapore","Wallet"
"T00246",4636.26,"2025-09-21","onqmeps@yahoo.com","00618794","Singapore","Net Banking"
"T00247",2806.47,"2025-10-14","fqrgbho@gmail.com","13359818","Singapore","UPI"
"T00248",3988.3,"2025-10-23","delwxmv@gmail.com","82735267","Singapore","Net Banking"
"T00249",4848.37,"2024-10-14","vijnepe@gmail.com","8773044249","India","Debit Card"
"T00250",883.31,"2025-01-18","uuxlamn@yahoo.com","34833709","Singapore","Wallet"
"T00251",1033.88,"2024-02-07","lsnayrp@gmail.com","3817707622","India","Net Banking"
"T00252",2666.06,"2026-03-02","lddhaqn@yahoo.com","55298513","Singapore","Net Banking"
"T00253",263.12,"2024-01-30","mrcblep@mail.com","63876597","Singapore","UPI"
"T00254",473.65,"2025-12-16","mlrsmgf@outlook.com","9366784043","India","UPI"
"T00255",1418.46,"2024-12-22","pdcvuiq@outlook.com","5446593385","India","UPI"
"T00256",2727.19,"2024-08-29","ertsvcp@outlook.com","58190187","Singapore","UPI"
"T00257",2476.53,"2025-11-07","bfdptvt@yahoo.com","42642827","Singapore","Net Banking"
"T00258",3591.78,"2024-12-18","zppnwwb@gmail.com","05912045","Singapore","Net Banking"
"T00259",2036.1,"2025-03-21","ormejyv@yahoo.com","28106186","Singapore","Debit Card"
"T00260",694.73,"2025-03-01","wxsyqll@mail.com","3240477295","India","Credit Card"
"T00261",2845.07,"2025-12-22","jpzcsnw@outlook.com","4080479067","India","Net Banking"
"T00262",4518.89,"2025-07-01","umnmtky@outlook.com","2097750410","India","Net Banking"
"T00263",1441.21,"2024-03-25","dbugqhg@gmail.com","6976317215","India","Credit Card"
"T00264",4920.52,"2024-05-28","pvvtkjr@yahoo.com","27367113","Singapore","Net Banking"
"T00265",3733.29,"2026-02-09","xgrkgnl@outlook.com","94696096","Singapore","UPI"
"T00266",1681.49,"2024-09-30","ugplrgr@yahoo.com","56930004","Singapore","Wallet"
"T00267",3430.64,"2024-12-25","fhfacyr@yahoo.com","9671816859","India","Credit Card"
"T00268",1274.15,"2025-04-23","rblzurr@outlook.com","2720392810","India","Debit Card"
"T00269",900.43,"2025-05-18","colpclg@gmail.com","05248169","Singapore","UPI"
"T00270",766.52,"2024-12-03","xonymlv@gmail.com","50984593","Singapore","Net Banking"
"T00271",285.42,"2025-10-24","cnycltq@yahoo.com","59623164","Singapore","UPI"
"T00272",708.32,"2024-07-16","azgkuqm@mail.com","9033742659","India","Wallet"
"T00273",3707.85,"2024-08-26","yadqmxb@yahoo.com","0698068081","India","Wallet"
"T00274",324.92,"2024-07-26","lvzrizo@yahoo.com","3920102713","India","Debit Card"
"T00275",1225.79,"2025-08-18","bcwpuam@gmail.com","09752674","Singapore","Debit Card"
"T00276",724.01,"2024-10-04","nkypaem@gmail.com","6730215037","India","Wallet"
"T00277",2326.44,"2025-10-03","rhfurzm@yahoo.com","1903226841","India","Credit Card"
"T00278",798.65,"2024-01-30","mdxspif@outlook.com","2122418050","India","UPI"
"T00279",1088.66,"2025-09-16","lkdsqzf@yahoo.com","0521447221","India","Wallet"
"T00280",2894.83,"2025-07-20","wcwmzpv@outlook.com","0482429998","India","UPI"
"T00281",209.89,"2025-04-26","tnlkvsc@mail.com","2507912604","India","Net Banking"
"T00282",3519.49,"2025-08-07","taluwku@outlook.com","6706365276","India","Wallet"
"T00283",3940.58,"2024-03-23","qiynxjb@mail.com","3631507292","India","Credit Card"
"T00284",3689.53,"2026-02-09","pyftfjg@mail.com","20345176","Singapore","Wallet"
"T00285",2265.37,"2025-01-11","uyvybxl@gmail.com","31901111","Singapore","Debit Card"
"T00286",1472.92,"2025-11-29","odjlqhb@yahoo.com","8535674655","India","UPI"
"T00287",2840.59,"2024-11-09","egmzubj@mail.com","96151179","Singapore","Debit Card"
"T00288",1197.15,"2024-02-12","zoljfsr@outlook.com","1495109799","India","Debit Card"
"T00289",4851.05,"2025-07-13","zismhyz@yahoo.com","7793140610","India","Wallet"
"T00290",2235.4,"2024-04-04","ipfnutf@gmail.com","5460513699","India","Net Banking"
"T00291",748.25,"2025-03-13","jjhjzwc@mail.com","74417874","Singapore","Wallet"
"T00292",726.76,"2024-11-06","mwzbytc@mail.com","6214591824","India","Net Banking"
"T00293",2475.56,"2026-01-27","maagyvm@outlook.com","44621290","Singapore","Net Banking"
"T00294",2832.22,"2024-09-21","qmsdnov@yahoo.com","51463036","Singapore","Net Banking"
"T00295",1456.38,"2025-06-26","qbfqtpe@outlook.com","8863660580","India","Wallet"
"T00296",1871.34,"2025-05-11","kxefnvu@gmail.com","49110361","Singapore","UPI"
"T00297",869.31,"2024-11-07","avfwdfd@yahoo.com","94710441","Singapore","Credit Card"
"T00298",2350.72,"2024-09-16","bhacdpp@yahoo.com","1308993157","India","Debit Card"
"T00299",504.54,"2025-08-15","tnszeta@gmail.com","9984616189","India","UPI"
"T00300",2576.11,"2025-02-21","czdcdts@gmail.com","0434768249","India","UPI"
"T00301",4285.3,"2025-05-02","yjarrkn@gmail.com","1369781312","India","UPI"
"T00302",1172.02,"2025-03-10","shsphuq@mail.com","3699514142","India","Debit Card"
"T00303",507.02,"2024-02-24","vmaepih@gmail.com","7654424558","India","Wallet"
"T00304",4763.38,"2024-02-02","zwdlwla@yahoo.com","5837417416","India","Wallet"
"T00305",2384.8,"2024-06-09","nkmzqjz@outlook.com","05138576","Singapore","UPI"
"T00306",2146.46,"2024-12-31","kbggicr@outlook.com","1150645404","India","Credit Card"
"T00307",1894.91,"2025-02-03","icmrfmv@outlook.com","12926908","Singapore","Debit Card"
"T00308",1333.12,"2024-10-31","zkftcvc@outlook.com","25543085","Singapore","Net Banking"
"T00309",3320.65,"2024-11-16","fkqltea@yahoo.com","52974956","Singapore","UPI"
"T00310",2616.13,"2025-01-08","mgttvkw@gmail.com","6822162210","India","Net Banking"
"T00311",2432.06,"2025-03-22","kxfhauh@yahoo.com","60770832","Singapore","Credit Card"
"T00312",4484.9,"2025-11-18","rcysdct@gmail.com","58992821","Singapore","Net Banking"
"T00313",4163.35,"2026-01-24","ktgkdez@mail.com","48056154","Singapore","Debit Card"
"T00314",4398.37,"2024-05-28","jsvazpv@gmail.com","67253938","Singapore","Credit Card"
"T00315",4289.66,"2025-02-01","ayyxhyt@outlook.com","2896874088","India","UPI"
"T00316",3687.34,"2024-12-06","swvvsnj@outlook.com","40066714","Singapore","Net Banking"
"T00317",2883.29,"2024-04-23","enzvtwr@outlook.com","48115320","Singapore","Net Banking"
"T00318",1973.54,"2025-01-21","ywfyyqq@gmail.com","9171442039","India","Credit Card"
"T00319",3595.73,"2025-03-21","uyvmffy@outlook.com","2418692644","India","Debit Card"
"T00320",1458.06,"2024-09-25","glgpqcm@outlook.com","9323450509","India","UPI"
"T00321",4983.73,"2025-11-17","zptbgqh@mail.com","61801143","Singapore","UPI"
"T00322",457.34,"2025-12-28","nddbdwv@outlook.com","9286723839","India","Debit Card"
"T00323",275.58,"2024-06-01","bememdx@mail.com","03744881","Singapore","Credit Card"
"T00324",4342.18,"2024-07-03","vtvorfz@gmail.com","5540768066","India","UPI"
"T00325",2955.79,"2024-04-18","vdcvrly@gmail.com","30649997","Singapore","Debit Card"
"T00326",4317.76,"2025-10-21","hutopcg@yahoo.com","9808172761","India","UPI"
"T00327",3682.09,"2024-11-13","xpjcjfl@mail.com","45478644","Singapore","Credit Card"
"T00328",4866.63,"2025-11-23","fremqnh@mail.com","08396324","Singapore","Wallet"
"T00329",2759.46,"2024-02-16","nnkmsvj@gmail.com","7074780473","India","UPI"
"T00330",3122.81,"2024-09-28","ixvfczg@gmail.com","40306446","Singapore","Wallet"
"T00331",1520.97,"2025-09-23","jrrkhda@gmail.com","86104128","Singapore","Wallet"
"T00332",439.61,"2026-02-27","mmaedsz@mail.com","0422833184","India","UPI"
"T00333",3688.02,"2025-09-02","tzaknsy@mail.com","20055268","Singapore","Credit Card"
"T00334",3117.26,"2025-10-23","jsaheig@yahoo.com","56987487","Singapore","UPI"
"T00335",4167.07,"2025-11-20","qjmzefr@gmail.com","61161493","Singapore","Debit Card"
"T00336",4996.31,"2025-01-02","wjevxab@mail.com","1254977758","India","Wallet"
"T00337",3534.96,"2025-03-24","uztzupw@gmail.com","8016891245","India","Credit Card"
"T00338",3238.99,"2024-12-08","vdfztav@mail.com","3503736174","India","Debit Card"
"T00339",4010.83,"2025-02-27","xxynryl@gmail.com","7503474309","India","Debit Card"
"T00340",4888.89,"2025-12-31","uwzkxsw@outlook.com","9025974257","India","UPI"
"T00341",4439.5,"2026-03-11","quwcnks@yahoo.com","55253360","Singapore","Wallet"
"T00342",1214.29,"2026-03-03","hkntvgn@gmail.com","06127498","Singapore","Wallet"
"T00343",1758.18,"2024-10-18","rvodjtc@yahoo.com","8307800844","India","Net Banking"
"T00344",2945.31,"2025-06-15","uwpqzry@mail.com","81171781","Singapore","Debit Card"
"T00345",2372.04,"2026-02-03","eoxdwcj@outlook.com","01393471","Singapore","Wallet"
"T00346",252.77,"2024-11-08","xfvmdjw@mail.com","43433881","Singapore","Debit Card"
"T00347",3810.78,"2025-11-14","lwiurkg@mail.com","30642010","Singapore","Net Banking"
"T00348",3223.13,"2024-03-28","fqoboem@gmail.com","1910727848","India","Wallet"
"T00349",2014.97,"2024-02-16","myieanj@gmail.com","10112034","Singapore","Debit Card"
"T00350",3076.23,"2024-11-29","eshcdxg@gmail.com","0252559235","India","Credit Card"
"T00351",154.24,"2025-10-10","gxgzrgo@yahoo.com","34062939","Singapore","Debit Card"
"T00352",4807.15,"2025-07-22","lamvhza@mail.com","22698282","Singapore","Debit Card"
"T00353",1510.19,"2025-02-08","svszwfn@outlook.com","8969726329","India","Net Banking"
"T00354",4570.95,"2024-05-16","qamxrkx@mail.com","7576008663","India","UPI"
"T00355",1939.89,"2026-02-25","vzdjfat@outlook.com","67186829","Singapore","Net Banking"
"T00356",1410.97,"2025-12-21","sffvkwo@mail.com","1176615719","India","Debit Card"
"T00357",967.34,"2025-11-25","azrprwa@mail.com","69094926","Singapore","UPI"
"T00358",1813.74,"2026-02-16","bsbxnik@outlook.com","05079402","Singapore","Debit Card"
"T00359",1560.92,"2025-10-03","qalauyv@yahoo.com","12303797","Singapore","Wallet"
"T00360",3822.85,"2025-10-02","ldzxjxs@yahoo.com","08064100","Singapore","UPI"
"T00361",488.19,"2026-02-09","kwuqlml@gmail.com","39743115","Singapore","Credit Card"
"T00362",4522.81,"2024-05-09","qgkslgu@gmail.com","1556355146","India","Net Banking"
"T00363",4851.65,"2025-06-14","prbnvwk@yahoo.com","96201464","Singapore","Net Banking"
"T00364",3084.35,"2025-03-04","icwxmxq@yahoo.com","42478834","Singapore","Credit Card"
"T00365",59.36,"2025-01-01","achfptb@gmail.com","12221821","Singapore","Debit Card"
"T00366",4554.14,"2024-01-22","vdrxifl@outlook.com","86999880","Singapore","Debit Card"
"T00367",3976.54,"2024-07-15","nsilqxt@yahoo.com","8212621554","India","Credit Card"
"T00368",3957.08,"2025-09-21","bntqnmm@outlook.com","75494567","Singapore","Credit Card"
"T00369",1105.44,"2024-07-26","lgfljev@outlook.com","5104354644","India","UPI"
"T00370",4024.48,"2024-11-20","halgbxh@gmail.com","79000213","Singapore","Net Banking"
"T00371",961.31,"2025-09-10","zzttxah@outlook.com","74456457","Singapore","Debit Card"
"T00372",1145.62,"2026-01-10","tmnutsl@gmail.com","31762453","Singapore","Wallet"
"T00373",1534.8,"2026-01-25","avvikrk@outlook.com","3079193666","India","UPI"
"T00374",1028.98,"2025-02-04","bkmizqh@yahoo.com","15064109","Singapore","Net Banking"
"T00375",1172.87,"2025-11-06","nljaixk@gmail.com","1473928386","India","Debit Card"
"T00376",2941.58,"2025-05-29","slfzlvp@yahoo.com","59845728","Singapore","UPI"
"T00377",3504.58,"2025-12-29","ukvwkeq@mail.com","49153928","Singapore","Net Banking"
"T00378",3336.62,"2024-03-09","ssfmzoz@gmail.com","75741200","Singapore","UPI"
"T00379",1724.85,"2025-02-12","wkacxit@mail.com","40674421","Singapore","Credit Card"
"T00380",894.41,"2024-05-07","nkctrdj@yahoo.com","7854065661","India","Net Banking"
"T00381",271.55,"2024-01-05","bjfgxfa@gmail.com","93162878","Singapore","Debit Card"
"T00382",229.62,"2025-06-08","cioefoy@gmail.com","2130602262","India","Wallet"
"T00383",229.26,"2024-08-11","ktmzsux@yahoo.com","20363971","Singapore","Debit Card"
"T00384",4890.33,"2025-11-13","mippjqg@gmail.com","26837760","Singapore","Net Banking"
"T00385",1490.11,"2024-06-04","jqgszlw@yahoo.com","26759620","Singapore","Net Banking"
"T00386",1218.82,"2025-07-06","bxzusfw@outlook.com","16049099","Singapore","Debit Card"
"T00387",876.64,"2025-07-16","vygcsis@yahoo.com","4635928493","India","UPI"
"T00388",2358.86,"2025-03-08","nttvuaj@gmail.com","7951724436","India","Credit Card"
"T00389",691.92,"2025-04-25","fxawsjk@mail.com","99346540","Singapore","Credit Card"
"T00390",4661.33,"2024-06-15","flgxsnm@outlook.com","66972086","Singapore","Credit Card"
"T00391",1314.04,"2025-04-11","ydgpred@gmail.com","6935951482","India","Net Banking"
"T00392",2934.54,"2026-01-21","kwscqui@yahoo.com","22760140","Singapore","UPI"
"T00393",3276.06,"2026-01-20","leedmnc@yahoo.com","10172946","Singapore","Wallet"
"T00394",4343.13,"2024-06-19","ccdbagm@gmail.com","0296702735","India","Net Banking"
"T00395",2371.43,"2024-12-11","piriigj@mail.com","30331467","Singapore","Debit Card"
"T00396",3013.53,"2025-06-27","hsvjqrm@mail.com","6069368976","India","Debit Card"
"T00397",2006.82,"2025-09-19","ujyymrs@gmail.com","72115585","Singapore","Debit Card"
"T00398",3986.14,"2024-11-04","vzzmxym@yahoo.com","21961909","Singapore","Net Banking"
"T00399",3833.88,"2024-08-13","sryrrxq@mail.com","06897663","Singapore","UPI"
"T00400",4044.15,"2024-08-16","ghcipey@outlook.com","13373513","Singapore","UPI"
"T00401",3858.69,"2025-11-26","ydrpcaw@outlook.com","19844616","Singapore","Credit Card"
"T00402",1551.37,"2025-12-06","dzsmvms@mail.com","08178927","Singapore","Debit Card"
"T00403",3639.7,"2024-11-02","zrwzoir@outlook.com","73526183","Singapore","Debit Card"
"T00404",3763.81,"2025-08-17","wbyhrpl@mail.com","21277075","Singapore","Debit Card"
"T00405",4752.49,"2025-03-13","rebjmyd@outlook.com","59640246","Singapore","Debit Card"
"T00406",3881.49,"2025-11-17","ruwqhqj@gmail.com","11692594","Singapore","Credit Card"
"T00407",1925.96,"2025-10-22","shdiswn@mail.com","8055845577","India","Credit Card"
"T00408",4828.75,"2024-04-30","epeoudd@yahoo.com","6027012919","India","Credit Card"
"T00409",1509.99,"2025-06-15","xhndmix@outlook.com","6566001821","India","Wallet"
"T00410",2963,"2024-10-11","dqbgjxk@gmail.com","9691262667","India","Wallet"
"T00411",2104.24,"2024-06-06","iujzghn@mail.com","0633282039","India","UPI"
"T00412",3915.84,"2024-05-06","eshvmns@outlook.com","5681933795","India","Wallet"
"T00413",2389.54,"2024-05-10","grsrdog@outlook.com","72671975","Singapore","Net Banking"
"T00414",2607.77,"2026-01-05","wvhwyki@gmail.com","60205029","Singapore","Credit Card"
"T00415",3388.39,"2026-01-18","dmrrnda@yahoo.com","97777279","Singapore","Wallet"
"T00416",3040.79,"2024-06-21","rwnfbvn@gmail.com","4331925712","India","Net Banking"
"T00417",1073.2,"2026-01-25","qkxyynx@mail.com","88004213","Singapore","Debit Card"
"T00418",1779.12,"2024-04-13","lfnxkxa@outlook.com","23241814","Singapore","UPI"
"T00419",707.97,"2026-02-04","ljwfebk@outlook.com","9114624577","India","Net Banking"
"T00420",2514.27,"2026-01-29","vkccaen@yahoo.com","08450420","Singapore","UPI"
"T00421",3091.89,"2026-01-16","ngtwzgv@yahoo.com","4717618611","India","UPI"
"T00422",1376.57,"2024-07-15","ylqcbkh@yahoo.com","2404013972","India","Credit Card"
"T00423",214.04,"2024-02-23","rihhplg@mail.com","3300583737","India","Wallet"
"T00424",1198.88,"2024-10-09","fjxdtdp@yahoo.com","14096347","Singapore","Wallet"
"T00425",228.62,"2024-07-15","ksxtvoj@outlook.com","4790495056","India","Debit Card"
"T00426",236.77,"2025-08-02","bzevmnn@gmail.com","17374211","Singapore","Debit Card"
"T00427",4396.98,"2025-06-09","lsnhfso@yahoo.com","2526921809","India","Debit Card"
"T00428",16.99,"2024-12-21","qziywgd@outlook.com","3088291959","India","Wallet"
"T00429",3615.78,"2025-12-05","jqwqovf@outlook.com","2683474144","India","UPI"
"T00430",4079.83,"2024-06-29","emsqaee@mail.com","6114464717","India","Credit Card"
"T00431",1895.6,"2024-01-22","cavydug@gmail.com","7075880178","India","Debit Card"
"T00432",1665.46,"2024-06-07","gogoabo@gmail.com","58190416","Singapore","Debit Card"
"T00433",3436.96,"2026-01-02","vceccyj@outlook.com","19986155","Singapore","UPI"
"T00434",4466.66,"2025-12-04","hvjcxry@gmail.com","7897114798","India","Credit Card"
"T00435",4798.33,"2024-10-12","didtjmm@mail.com","66199355","Singapore","UPI"
"T00436",1929.29,"2025-08-17","snuvfcj@yahoo.com","9059903888","India","Net Banking"
"T00437",729.26,"2025-07-18","zxgvbdz@yahoo.com","30937608","Singapore","Debit Card"
"T00438",742.96,"2024-05-24","ccovdet@outlook.com","4746010661","India","Debit Card"
"T00439",1987.99,"2025-03-09","rwovxns@mail.com","9203974038","India","Wallet"
"T00440",4084.63,"2025-04-24","mqkjbjl@outlook.com","1068025057","India","Net Banking"
"T00441",2762.94,"2025-10-15","ygcobzm@gmail.com","3903231779","India","Credit Card"
"T00442",2042.36,"2026-01-29","nnuaumw@gmail.com","21480788","Singapore","Debit Card"
"T00443",4967.15,"2025-05-28","nsqyiui@outlook.com","6907629695","India","UPI"
"T00444",4025.58,"2024-05-26","tiwuxml@yahoo.com","9123017242","India","UPI"
"T00445",4699.75,"2025-08-05","mjhkqrl@outlook.com","3652866672","India","Wallet"
"T00446",781.27,"2024-04-17","hekbkmc@mail.com","4581119344","India","Credit Card"
"T00447",1718.69,"2025-09-10","msmhaem@yahoo.com","30639344","Singapore","Credit Card"
"T00448",4341.42,"2026-02-15","rhqcbkh@mail.com","8562809371","India","Net Banking"
"T00449",2413.31,"2025-07-02","resjska@yahoo.com","06639977","Singapore","Net Banking"
"T00450",761.03,"2025-04-14","ymiurgs@mail.com","9866507167","India","Wallet"
"T00451",1088.53,"2024-08-02","yzoavax@gmail.com","66443557","Singapore","Credit Card"
"T00452",2299.53,"2025-01-17","epojvrl@outlook.com","7990080091","India","Wallet"
"T00453",3171.29,"2025-05-30","pahkflj@yahoo.com","8937496739","India","Debit Card"
"T00454",1345.37,"2025-11-05","gvukgxk@gmail.com","07857315","Singapore","UPI"
"T00455",2783.14,"2025-02-04","fqvupdq@yahoo.com","4312711537","India","Net Banking"
"T00456",4744.01,"2024-07-27","caaudqo@gmail.com","5079671621","India","Debit Card"
"T00457",3854.25,"2025-11-06","bcdazwc@gmail.com","12804383","Singapore","UPI"
"T00458",2074.59,"2025-05-13","ybrjixv@yahoo.com","2966813395","India","Credit Card"
"T00459",2613.53,"2024-09-17","yfaandw@gmail.com","8010612107","India","Net Banking"
"T00460",3728.52,"2025-05-22","lyxgfvs@mail.com","17512744","Singapore","Wallet"
"T00461",4081.3,"2025-09-29","cjfjxvl@gmail.com","92468953","Singapore","Credit Card"
"T00462",4047.11,"2025-03-15","ujbrjud@outlook.com","6725320222","India","Wallet"
"T00463",3584.17,"2025-11-18","bxktiif@mail.com","49411335","Singapore","Net Banking"
"T00464",3221.9,"2025-08-12","zxhvkxx@gmail.com","3048433307","India","UPI"
"T00465",1972.7,"2025-12-14","zmqxvyc@yahoo.com","0013641193","India","Wallet"
"T00466",4671.21,"2024-02-23","gucybip@mail.com","2114187894","India","UPI"
"T00467",2613.6,"2024-09-03","przitfg@outlook.com","7382686042","India","Debit Card"
"T00468",4094.37,"2024-07-11","mivtniy@mail.com","68119346","Singapore","Debit Card"
"T00469",947.89,"2024-10-11","lrypclc@gmail.com","28106429","Singapore","Credit Card"
"T00470",2163.05,"2024-06-03","kliljbj@mail.com","11126510","Singapore","Debit Card"
"T00471",1105.7,"2024-02-24","xognhws@mail.com","3178227325","India","Credit Card"
"T00472",933.54,"2025-12-18","qtwrere@outlook.com","8104312068","India","Wallet"
"T00473",4848.01,"2025-08-20","awmbarh@yahoo.com","51103747","Singapore","Wallet"
"T00474",3320.41,"2024-09-16","jajsxuw@mail.com","16709861","Singapore","UPI"
"T00475",1229.4,"2026-01-28","slfcxjc@outlook.com","8684952683","India","UPI"
"T00476",1553.52,"2024-02-12","psvduou@outlook.com","29464196","Singapore","Debit Card"
"T00477",2439.26,"2024-03-07","uabhpbh@mail.com","38018759","Singapore","Wallet"
"T00478",4768.89,"2025-12-31","hzfpcfm@outlook.com","2633989514","India","Net Banking"
"T00479",3419.77,"2024-07-23","gkfhhyl@yahoo.com","3841439744","India","UPI"
"T00480",2311.81,"2025-07-26","atcdxup@outlook.com","15527340","Singapore","Wallet"
"T00481",4197.6,"2024-03-27","bvqichm@outlook.com","81557755","Singapore","UPI"
"T00482",1125.48,"2025-11-22","qeqsyuq@yahoo.com","1061024840","India","Credit Card"
"T00483",2028.74,"2024-07-07","vvovrwq@mail.com","10172562","Singapore","UPI"
"T00484",1454.35,"2024-04-12","ymrksck@mail.com","12135066","Singapore","UPI"
"T00485",4541.46,"2024-12-29","zmshzjw@yahoo.com","3730637377","India","Net Banking"
"T00486",4618.15,"2024-03-10","xqjmroy@outlook.com","13936408","Singapore","Debit Card"
"T00487",491.74,"2024-04-18","mriguxu@gmail.com","8187406180","India","Net Banking"
"T00488",4618.52,"2024-11-24","cldqofm@outlook.com","2745700900","India","Debit Card"
"T00489",1804.21,"2025-02-21","owirysn@yahoo.com","8543651043","India","Credit Card"
"T00490",644.69,"2025-06-13","hdfpify@outlook.com","3381252563","India","Wallet"
"T00491",2734.25,"2024-04-23","pyzqakf@gmail.com","1579682099","India","Credit Card"
"T00492",4905.47,"2025-03-02","ppcoyhb@gmail.com","42347829","Singapore","Credit Card"
"T00493",2675.59,"2025-01-23","rtobtsl@mail.com","5116933920","India","Credit Card"
"T00494",2071.2,"2026-02-09","xuozasv@gmail.com","0423689136","India","Credit Card"
"T00495",1258.49,"2025-07-10","fsvxwlh@outlook.com","7265265097","India","Wallet"
"T00496",1406.12,"2024-07-27","xvnhods@yahoo.com","02479082","Singapore","Wallet"
"T00497",1509.06,"2024-03-27","bwjajlf@mail.com","14035306","Singapore","Net Banking"
"T00498",4053.12,"2025-08-28","fasqwuy@gmail.com","85992954","Singapore","Wallet"
"T00499",821.12,"2025-01-25","mzgxhrh@yahoo.com","72502226","Singapore","Wallet"
"T00500",630.29,"2025-08-05","rvwlaaa@outlook.com","4820926301","India","Net Banking"
"T00501",4346.59,"2024-05-10","fewrgre@mail.com","50707226","Singapore","Net Banking"
"T00502",3006.89,"2024-12-24","cnccfov@mail.com","0420639839","India","Net Banking"
"T00503",809.96,"2024-02-15","hdpcfis@outlook.com","9356176999","India","Wallet"
"T00504",2699.45,"2024-05-04","wnbmnlg@outlook.com","93792396","Singapore","UPI"
"T00505",1815.79,"2024-12-26","objmfuf@yahoo.com","92966673","Singapore","Credit Card"
"T00506",2048.43,"2025-06-01","zoquxwa@gmail.com","4774188010","India","Wallet"
"T00507",4522.26,"2024-12-28","dsghivi@gmail.com","90734448","Singapore","Net Banking"
"T00508",3503.57,"2026-01-21","etxycxp@outlook.com","64317272","Singapore","UPI"
"T00509",250.96,"2025-06-14","xpvliie@yahoo.com","09874283","Singapore","Net Banking"
"T00510",836.31,"2024-10-21","hlxhxzt@yahoo.com","61287099","Singapore","Wallet"
"T00511",43.26,"2024-01-27","jhylldl@gmail.com","7918401269","India","Credit Card"
"T00512",3639.53,"2024-11-30","eiltrbr@gmail.com","4973868060","India","Debit Card"
"T00513",4361.85,"2024-08-13","rgdvthf@gmail.com","98700521","Singapore","UPI"
"T00514",3070.76,"2025-10-08","pqmrehg@outlook.com","64655229","Singapore","Net Banking"
"T00515",4847.12,"2024-11-29","gleyrjk@yahoo.com","74844225","Singapore","UPI"
"T00516",2815.66,"2024-11-26","giklkxg@yahoo.com","3834512696","India","Net Banking"
"T00517",3028.76,"2024-01-21","yajuijt@gmail.com","6531158289","India","Net Banking"
"T00518",1085.92,"2026-01-20","gavtnnu@gmail.com","13272217","Singapore","UPI"
"T00519",4093.3,"2024-10-03","wbnstat@yahoo.com","0538874734","India","Credit Card"
"T00520",4846.62,"2025-08-13","mhczomx@yahoo.com","39797745","Singapore","Credit Card"
"T00521",3858.32,"2025-04-02","joqivzc@yahoo.com","29504858","Singapore","Debit Card"
"T00522",3839.37,"2024-09-15","ktvarpw@outlook.com","6775363758","India","Credit Card"
"T00523",2134.25,"2024-03-20","jtetelz@gmail.com","8465184019","India","Net Banking"
"T00524",3079.35,"2025-01-15","oehruyj@outlook.com","42379917","Singapore","UPI"
"T00525",1595.26,"2024-07-02","dbziesn@outlook.com","0650683012","India","UPI"
"T00526",1842.7,"2026-02-24","kgorcds@outlook.com","15156358","Singapore","Wallet"
"T00527",4833.63,"2026-01-24","wrmeuzc@yahoo.com","14009184","Singapore","UPI"
"T00528",1519.77,"2026-02-17","dojkmin@gmail.com","88998785","Singapore","UPI"
"T00529",3429.98,"2025-07-25","xqewwui@mail.com","25993170","Singapore","UPI"
"T00530",2634.75,"2024-01-06","pixxnah@outlook.com","63972050","Singapore","UPI"
"T00531",2456.6,"2025-04-29","tqocjps@yahoo.com","81480600","Singapore","Wallet"
"T00532",4917.18,"2024-07-17","rtirxxe@outlook.com","59486085","Singapore","Net Banking"
"T00533",871.2,"2024-02-15","hfnetva@outlook.com","5148090910","India","Net Banking"
"T00534",3835.95,"2024-01-11","fjcsgvq@yahoo.com","7733225482","India","Debit Card"
"T00535",4896.6,"2024-09-22","sgmpjql@yahoo.com","0835273872","India","Wallet"
"T00536",462.88,"2026-03-02","ffgxnqm@mail.com","53350768","Singapore","Credit Card"
"T00537",2112.82,"2024-12-08","ixejeot@mail.com","8454382336","India","Net Banking"
"T00538",4854.12,"2024-08-27","txnkuyk@gmail.com","1135659516","India","Credit Card"
"T00539",1553.27,"2026-02-23","diklrfe@outlook.com","0220268343","India","UPI"
"T00540",3496.91,"2025-04-28","rvstcdt@yahoo.com","33268553","Singapore","Wallet"
"T00541",1116.25,"2025-09-15","egjnapk@gmail.com","6112436423","India","UPI"
"T00542",1312.49,"2025-03-07","ekncujt@mail.com","8035344947","India","Net Banking"
"T00543",1300.66,"2025-10-11","duxnusv@outlook.com","11478009","Singapore","Wallet"
"T00544",996.09,"2025-09-21","slbhdmj@outlook.com","23285130","Singapore","Net Banking"
"T00545",3183.55,"2025-09-02","ctnkend@yahoo.com","64296288","Singapore","Wallet"
"T00546",212.8,"2024-11-30","jdzqwjz@gmail.com","36341777","Singapore","Credit Card"
"T00547",4826.15,"2024-07-15","ozqousb@mail.com","29261503","Singapore","Debit Card"
"T00548",1370.67,"2025-02-20","furhmuq@gmail.com","20302785","Singapore","Wallet"
"T00549",2711.88,"2025-05-02","yaijlmt@yahoo.com","51346504","Singapore","Net Banking"
"T00550",1045.68,"2025-06-26","jhiraqe@outlook.com","5477279353","India","Credit Card"
"T00551",1984.79,"2024-08-04","zoeeutk@mail.com","3292766666","India","Wallet"
"T00552",1133.25,"2025-02-17","mmvlyeh@outlook.com","76605441","Singapore","Credit Card"
"T00553",701.47,"2025-09-26","ncokape@mail.com","6906735194","India","Debit Card"
"T00554",2366.12,"2025-12-30","xihxflg@mail.com","9795163914","India","Credit Card"
"T00555",3745.56,"2025-11-29","rwzwbkg@gmail.com","7697480887","India","Credit Card"
"T00556",2003.15,"2025-06-07","qlucwtp@gmail.com","73612423","Singapore","Credit Card"
"T00557",4496.98,"2025-05-18","ttirilg@outlook.com","57122332","Singapore","Debit Card"
"T00558",2381.67,"2025-03-26","reudpwg@yahoo.com","02352779","Singapore","UPI"
"T00559",3096.12,"2024-06-23","zqpnnjy@yahoo.com","84436022","Singapore","Debit Card"
"T00560",3047.12,"2026-01-16","uqjlxxv@yahoo.com","73069529","Singapore","Wallet"
"T00561",4852.48,"2024-02-27","lngueyw@yahoo.com","6406501809","India","Wallet"
"T00562",313.72,"2024-08-21","gtmcwbu@gmail.com","11015245","Singapore","Wallet"
"T00563",4307.08,"2024-04-24","slqpqtz@outlook.com","76415592","Singapore","Wallet"
"T00564",1712.3,"2025-11-25","oilzymi@mail.com","4176083681","India","Credit Card"
"T00565",1073.95,"2025-05-28","htmryfr@outlook.com","1778619967","India","Net Banking"
"T00566",4664.89,"2025-04-28","yvjhsvi@outlook.com","4347493897","India","Credit Card"
"T00567",1050.96,"2026-01-03","gvaljot@yahoo.com","6420179599","India","UPI"
"T00568",1256.73,"2025-09-13","pbbinlh@mail.com","17374112","Singapore","Debit Card"
"T00569",2196.92,"2024-12-01","otgnhau@gmail.com","8679377232","India","Net Banking"
"T00570",1002.94,"2025-12-21","gpydqlu@gmail.com","80935998","Singapore","Net Banking"
"T00571",1420.41,"2024-12-07","qtozunu@gmail.com","54610684","Singapore","Debit Card"
"T00572",374.4,"2025-10-25","olutyxk@outlook.com","08024226","Singapore","Net Banking"
"T00573",3271.53,"2024-07-24","uojwwdu@yahoo.com","31590130","Singapore","Net Banking"
"T00574",3294.25,"2024-07-25","hlhyfjd@mail.com","1908820417","India","Wallet"
"T00575",473.33,"2024-06-28","npnefyt@outlook.com","7319732140","India","UPI"
"T00576",4808.23,"2024-04-12","jyvlwhz@gmail.com","68809780","Singapore","Debit Card"
"T00577",2827.25,"2024-05-11","ndmbpft@outlook.com","3411997818","India","Credit Card"
"T00578",159.6,"2024-07-27","hqxgiui@mail.com","0890355108","India","Credit Card"
"T00579",4941.08,"2024-04-25","zmkxlwv@gmail.com","34916367","Singapore","UPI"
"T00580",3746.11,"2025-08-07","ffdyfcc@mail.com","26227374","Singapore","Wallet"
"T00581",3801.87,"2024-05-14","ijdtwtu@gmail.com","79068230","Singapore","UPI"
"T00582",4289.83,"2024-07-11","qvplfqo@gmail.com","76539138","Singapore","Wallet"
"T00583",3319.61,"2025-11-15","wtgulao@gmail.com","24152834","Singapore","Credit Card"
"T00584",1993.81,"2025-06-07","fvfatjp@yahoo.com","5505569116","India","Wallet"
"T00585",4217.76,"2026-02-08","soylfbz@mail.com","2998419025","India","Net Banking"
"T00586",4616.03,"2025-09-19","pbtdmez@yahoo.com","3145232914","India","Wallet"
"T00587",1037.1,"2024-05-25","rtadicq@mail.com","2485618778","India","Credit Card"
"T00588",4191.51,"2024-09-18","cmpwrut@yahoo.com","50798284","Singapore","UPI"
"T00589",292.7,"2024-04-17","whshgnk@outlook.com","90182456","Singapore","Credit Card"
"T00590",2807.75,"2025-08-02","jnyjppu@gmail.com","51736943","Singapore","Credit Card"
"T00591",3238.97,"2025-03-26","wonyvqu@gmail.com","21632404","Singapore","Net Banking"
"T00592",4093.66,"2024-12-18","jzhuisq@yahoo.com","27534388","Singapore","Credit Card"
"T00593",1765.51,"2025-07-05","tvfvcsq@outlook.com","66728434","Singapore","Net Banking"
"T00594",4796.95,"2024-11-26","aeinqho@yahoo.com","3610584275","India","UPI"
"T00595",4607.08,"2024-04-16","vtwupzi@yahoo.com","4056248922","India","Debit Card"
"T00596",71.97,"2024-09-06","zwmloze@yahoo.com","8568977982","India","Net Banking"
"T00597",4501.26,"2024-08-28","ijydwzg@yahoo.com","09975182","Singapore","Net Banking"
"T00598",2331.78,"2025-08-11","vllpbza@mail.com","5038160759","India","Credit Card"
"T00599",2159.84,"2026-02-21","yzflnri@mail.com","15630673","Singapore","Credit Card"
"T00600",3073.11,"2025-06-26","kefzuzv@gmail.com","6410959346","India","Debit Card"
"T00601",923.12,"2024-11-14","jswmekf@gmail.com","37506903","Singapore","Debit Card"
"T00602",4818.36,"2025-06-25","aihuojb@yahoo.com","1612389558","India","Debit Card"
"T00603",4073.66,"2025-03-31","abnyyui@outlook.com","1651011634","India","Wallet"
"T00604",3922.47,"2024-04-29","rbgdymu@gmail.com","39989780","Singapore","Wallet"
"T00605",3320.93,"2024-11-24","xosntqh@yahoo.com","4194400156","India","Net Banking"
"T00606",4961.51,"2026-02-28","hrbvecx@yahoo.com","67503190","Singapore","UPI"
"T00607",2548.64,"2025-11-28","sxcyxsb@yahoo.com","4560391296","India","Net Banking"
"T00608",4935.56,"2024-08-21","jvbdgrw@mail.com","6793969408","India","UPI"
"T00609",4214.74,"2024-07-13","vmpqksl@yahoo.com","01170517","Singapore","UPI"
"T00610",2685.94,"2024-10-18","wgtkxfc@mail.com","25041030","Singapore","Credit Card"
"T00611",2185.38,"2025-01-14","ldpbyte@yahoo.com","7001821490","India","UPI"
"T00612",4734.64,"2025-06-01","befrlwb@yahoo.com","6215310507","India","Net Banking"
"T00613",201.77,"2024-04-16","raabkow@gmail.com","50699626","Singapore","UPI"
"T00614",3417.58,"2025-09-19","gzqmxlw@yahoo.com","1619983081","India","UPI"
"T00615",3556.32,"2025-07-08","wzdqfkw@mail.com","74333372","Singapore","Debit Card"
"T00616",2846.25,"2026-01-16","rqxotkq@yahoo.com","3454998413","India","Debit Card"
"T00617",4686.24,"2025-03-18","elskrht@yahoo.com","65813277","Singapore","UPI"
"T00618",3055.69,"2026-02-20","ptwruca@gmail.com","30937930","Singapore","Wallet"
"T00619",2921.41,"2025-04-02","mshcoxd@mail.com","19456628","Singapore","Debit Card"
"T00620",3322.71,"2024-05-30","xcbwmmt@outlook.com","9518995898","India","Credit Card"
"T00621",683.37,"2024-11-03","rxcyyfq@outlook.com","7906708418","India","Debit Card"
"T00622",4910.36,"2024-01-25","mxbghll@gmail.com","29663089","Singapore","Credit Card"
"T00623",1520.53,"2024-07-23","xjarsiu@mail.com","4397542990","India","Net Banking"
"T00624",124.81,"2024-05-11","ucbjeuu@gmail.com","0088616848","India","Credit Card"
"T00625",290.27,"2024-05-22","ftccyau@yahoo.com","2736187474","India","Wallet"
"T00626",2218.16,"2025-06-03","aefdozs@gmail.com","1872382462","India","Net Banking"
"T00627",3679.86,"2025-06-27","axrhebm@gmail.com","68077070","Singapore","Wallet"
"T00628",3493.4,"2025-09-12","rbgvltm@mail.com","34572164","Singapore","UPI"
"T00629",4618,"2025-02-16","mxldtka@yahoo.com","73813489","Singapore","Debit Card"
"T00630",1092.8,"2024-01-17","kdiakhy@outlook.com","2474919090","India","Net Banking"
"T00631",3043.01,"2024-05-24","gyukaie@outlook.com","64112788","Singapore","Net Banking"
"T00632",324.99,"2025-04-02","jgyrxxq@mail.com","75531136","Singapore","Debit Card"
"T00633",4068.48,"2024-09-12","mmanctq@gmail.com","5499703177","India","Net Banking"
"T00634",2374,"2024-08-16","qivmdhi@outlook.com","6586951771","India","Wallet"
"T00635",1248.65,"2025-01-20","kvagdaq@mail.com","04916557","Singapore","Credit Card"
"T00636",2285.16,"2024-07-21","sledydw@mail.com","33756633","Singapore","Credit Card"
"T00637",1626.83,"2026-02-13","owbsdbb@yahoo.com","11703303","Singapore","Credit Card"
"T00638",2008.79,"2024-03-04","nqkevvl@gmail.com","78206066","Singapore","UPI"
"T00639",220.46,"2026-02-15","gdwnitr@gmail.com","5207402024","India","Net Banking"
"T00640",2912.1,"2025-01-11","nvkdaqq@outlook.com","5512633212","India","Credit Card"
"T00641",3020.81,"2025-10-29","rufckcy@yahoo.com","25786883","Singapore","Credit Card"
"T00642",2838.56,"2024-09-15","faavwfy@mail.com","7437945769","India","Credit Card"
"T00643",4423.22,"2024-02-01","qwyyhjo@yahoo.com","0369732620","India","Credit Card"
"T00644",717.77,"2025-04-12","yxufxtr@gmail.com","89117486","Singapore","Net Banking"
"T00645",122.57,"2025-07-30","mtdbram@mail.com","49500722","Singapore","UPI"
"T00646",4011.69,"2024-01-25","rzervzb@mail.com","5777720385","India","Net Banking"
"T00647",3633.73,"2025-07-07","dtjekmj@outlook.com","16864902","Singapore","Debit Card"
"T00648",4624.35,"2025-10-22","mtwebnw@yahoo.com","55817182","Singapore","UPI"
"T00649",4118.98,"2024-04-24","zonogoy@yahoo.com","6743839582","India","Net Banking"
"T00650",3442.13,"2024-04-18","fqestsx@gmail.com","49637326","Singapore","Debit Card"
"T00651",90.94,"2024-10-29","deubgyk@outlook.com","6053336965","India","UPI"
"T00652",2504.97,"2024-12-25","aswjocr@outlook.com","9693970202","India","Credit Card"
"T00653",1905.46,"2024-12-11","gzaiuwf@mail.com","06560501","Singapore","Net Banking"
"T00654",4008.53,"2025-07-02","qbpsmxh@yahoo.com","06469042","Singapore","UPI"
"T00655",3864.59,"2024-02-14","hfwpmsv@gmail.com","1179543605","India","Net Banking"
"T00656",2098.94,"2024-02-04","hokbgyj@mail.com","5291001165","India","Wallet"
"T00657",2394.62,"2025-11-03","ekogdds@gmail.com","35052538","Singapore","Net Banking"
"T00658",4304.32,"2024-08-06","emmckqo@gmail.com","1158059527","India","Net Banking"
"T00659",4141.6,"2025-02-20","blwuary@mail.com","4829495486","India","Debit Card"
"T00660",2490.7,"2024-03-17","labcxdq@outlook.com","22693869","Singapore","UPI"
"T00661",1936.61,"2025-12-05","porpudi@mail.com","95606985","Singapore","Debit Card"
"T00662",4634.83,"2024-11-27","xojhvnk@outlook.com","56167861","Singapore","Net Banking"
"T00663",1030.28,"2025-04-18","peswqfu@outlook.com","16424255","Singapore","Debit Card"
"T00664",3033.86,"2024-09-15","djokbvg@mail.com","49525104","Singapore","UPI"
"T00665",2387.08,"2025-01-31","iddtzbb@gmail.com","5279628503","India","Wallet"
"T00666",1428.1,"2024-09-03","fqogovd@outlook.com","71935015","Singapore","Wallet"
"T00667",4049.66,"2024-05-07","cvfleef@gmail.com","06488428","Singapore","UPI"
"T00668",2218.21,"2026-01-26","xwtatfr@mail.com","75346863","Singapore","Credit Card"
"T00669",850.22,"2025-02-17","fikghgp@mail.com","96560705","Singapore","Net Banking"
"T00670",112.27,"2025-03-22","sxcgfjz@mail.com","12555103","Singapore","Credit Card"
"T00671",458.96,"2024-06-11","csbcylh@mail.com","2923520067","India","Debit Card"
"T00672",2744.21,"2025-03-09","xgvfsbc@yahoo.com","57531517","Singapore","Net Banking"
"T00673",3834.08,"2025-06-09","vnxkemw@yahoo.com","8852211267","India","Credit Card"
"T00674",688.16,"2024-10-21","lurkokn@outlook.com","75842918","Singapore","Debit Card"
"T00675",1042.4,"2025-09-06","zvdxjha@mail.com","1046187763","India","Debit Card"
"T00676",91.73,"2024-08-20","xgksjfd@gmail.com","2161339880","India","Net Banking"
"T00677",4107.26,"2025-07-18","mywmjfx@yahoo.com","01750563","Singapore","UPI"
"T00678",1676.86,"2025-09-19","lqhbndl@mail.com","45657591","Singapore","UPI"
"T00679",3306.48,"2025-03-26","tqdtfqh@yahoo.com","03915481","Singapore","Wallet"
"T00680",4952.23,"2024-08-03","abwgmbm@yahoo.com","94048698","Singapore","Net Banking"
"T00681",3161.31,"2024-11-30","nrvpruu@yahoo.com","20435474","Singapore","Wallet"
"T00682",4010.35,"2024-09-20","cdfuwgx@gmail.com","65435226","Singapore","Credit Card"
"T00683",4631.36,"2024-02-28","lvemayd@yahoo.com","49932422","Singapore","Debit Card"
"T00684",804.37,"2024-11-30","pwcctdl@gmail.com","97610402","Singapore","Net Banking"
"T00685",3333.63,"2024-03-30","bxibpzp@yahoo.com","78842280","Singapore","Wallet"
"T00686",701.69,"2025-04-18","pgqscpr@gmail.com","33144936","Singapore","UPI"
"T00687",4036.76,"2024-08-28","uwrflsa@gmail.com","51141076","Singapore","Wallet"
"T00688",3596.02,"2025-03-21","kyrrshs@mail.com","6333088384","India","UPI"
"T00689",2253.57,"2024-11-30","tsrytwe@yahoo.com","94491826","Singapore","Net Banking"
"T00690",3606.71,"2025-03-03","aajipic@yahoo.com","2367558966","India","UPI"
"T00691",2280.21,"2026-01-06","phzlhap@gmail.com","4899623543","India","Credit Card"
"T00692",3345.48,"2025-08-16","ggnbylk@mail.com","0085890877","India","Net Banking"
"T00693",2488.21,"2025-08-17","frhdgzo@outlook.com","1604324097","India","Debit Card"
"T00694",3362.34,"2025-03-01","elsjthz@gmail.com","01199077","Singapore","Net Banking"
"T00695",575.72,"2025-04-07","invnnmp@gmail.com","3018520987","India","Credit Card"
"T00696",819.84,"2024-12-16","evnmyqa@mail.com","7487416456","India","Debit Card"
"T00697",2791.71,"2025-04-13","kqfblaj@outlook.com","64898085","Singapore","Wallet"
"T00698",2968.5,"2025-04-29","mzsiqav@outlook.com","2540196968","India","Debit Card"
"T00699",1706.31,"2025-02-25","zzjmtka@outlook.com","37896830","Singapore","Net Banking"
"T00700",1598.38,"2024-05-06","efughvo@gmail.com","85562528","Singapore","Credit Card"
"T00701",4595,"2025-03-06","citdcya@mail.com","08411982","Singapore","Net Banking"
"T00702",933.79,"2025-08-05","scvmsdt@yahoo.com","9052771502","India","UPI"
"T00703",4126.88,"2024-10-26","ikpxhgw@gmail.com","7260157658","India","Wallet"
"T00704",4836.2,"2024-09-11","dbzttrd@yahoo.com","2102164341","India","Credit Card"
"T00705",1632.31,"2025-02-24","jnhrwdk@yahoo.com","88649424","Singapore","Debit Card"
"T00706",3909.15,"2024-03-02","tnfchhe@gmail.com","4704322889","India","Net Banking"
"T00707",2406.95,"2025-03-24","xagmfyn@yahoo.com","1756267705","India","Credit Card"
"T00708",4494.89,"2024-09-15","vtropun@yahoo.com","6909365501","India","Credit Card"
"T00709",3607.2,"2025-03-11","gupqryo@outlook.com","04120342","Singapore","Net Banking"
"T00710",1145.61,"2025-07-29","abodkbm@gmail.com","19572230","Singapore","Credit Card"
"T00711",610.18,"2024-10-14","qxxcypc@outlook.com","75670656","Singapore","Credit Card"
"T00712",4087.16,"2024-08-09","uxcnfoa@outlook.com","97517956","Singapore","Debit Card"
"T00713",4113.35,"2024-08-27","ttffdlr@yahoo.com","6077377846","India","Debit Card"
"T00714",1896.65,"2024-06-24","jnrxctf@yahoo.com","44617785","Singapore","Wallet"
"T00715",4433.08,"2024-06-10","vprflev@mail.com","22277043","Singapore","Wallet"
"T00716",4636.97,"2025-08-18","csxfsyc@mail.com","36780187","Singapore","Debit Card"
"T00717",2547,"2025-09-13","obocncg@yahoo.com","8048176014","India","UPI"
"T00718",3691.33,"2024-11-25","lrziaaa@gmail.com","8701760648","India","UPI"
"T00719",295.67,"2025-10-07","tpsziru@outlook.com","72086544","Singapore","Credit Card"
"T00720",886.87,"2026-02-20","hqbjbla@gmail.com","0223335545","India","Debit Card"
"T00721",754.87,"2024-10-02","nzjbieo@gmail.com","50442664","Singapore","Net Banking"
"T00722",3864.11,"2026-03-08","qyyebgb@gmail.com","8258972796","India","Wallet"
"T00723",2497.25,"2024-09-11","njtnbge@gmail.com","14675663","Singapore","Net Banking"
"T00724",113.34,"2025-03-05","tdsvlcy@outlook.com","0882933778","India","Credit Card"
"T00725",2022.36,"2024-08-22","sjoeews@gmail.com","4378595902","India","Credit Card"
"T00726",1214.8,"2025-12-15","nezizmv@gmail.com","63269222","Singapore","Net Banking"
"T00727",4144.34,"2024-09-20","pwdsuuc@mail.com","5775615612","India","UPI"
"T00728",4997.22,"2024-02-10","wwsyxpn@outlook.com","90987750","Singapore","Debit Card"
"T00729",4103.54,"2024-01-31","pikovna@mail.com","3647859998","India","Debit Card"
"T00730",1845.85,"2024-12-20","dbibdnu@outlook.com","12253019","Singapore","Debit Card"
"T00731",4076.58,"2024-06-10","ypnblik@gmail.com","2077159030","India","Net Banking"
"T00732",2466.95,"2025-02-08","lztnctl@gmail.com","9980833687","India","UPI"
"T00733",3427.69,"2024-03-15","itcefxj@mail.com","5154845969","India","Net Banking"
"T00734",3750.82,"2024-02-11","dhouzui@yahoo.com","46581023","Singapore","Credit Card"
"T00735",521.35,"2025-01-14","lspbjos@outlook.com","2109951776","India","UPI"
"T00736",4349.2,"2025-11-03","hoppsrz@mail.com","05175651","Singapore","Wallet"
"T00737",1479.09,"2026-03-01","niqzfee@yahoo.com","8827745906","India","Credit Card"
"T00738",783.45,"2025-10-17","dtzalti@yahoo.com","52663291","Singapore","Wallet"
"T00739",4181.5,"2024-10-18","vxyxdds@mail.com","3581536427","India","UPI"
"T00740",1730.14,"2025-10-07","bvamlrr@yahoo.com","78339187","Singapore","UPI"
"T00741",1210.6,"2026-03-02","inqbaym@yahoo.com","0656939193","India","Debit Card"
"T00742",415.26,"2024-07-16","vizwbbn@outlook.com","0607041615","India","UPI"
"T00743",3138.62,"2024-02-21","sfhamlh@yahoo.com","09877411","Singapore","Credit Card"
"T00744",3731.86,"2025-05-18","svxyzoy@gmail.com","7235501229","India","Net Banking"
"T00745",3577.45,"2024-06-24","fxkmymf@yahoo.com","60132489","Singapore","Net Banking"
"T00746",2343.96,"2025-07-13","oidfbrh@outlook.com","5715082084","India","Net Banking"
"T00747",1190.17,"2024-07-28","rvknyxt@mail.com","6110104851","India","Debit Card"
"T00748",2601.93,"2025-03-05","eotmtpg@mail.com","82821559","Singapore","UPI"
"T00749",1698.97,"2025-08-09","tyaupsl@gmail.com","4749247173","India","Credit Card"
"T00750",2707.7,"2024-03-27","refjrck@outlook.com","03996410","Singapore","Debit Card"
"T00751",4908.69,"2024-05-22","iklpbpu@outlook.com","2657891987","India","Wallet"
"T00752",3314.94,"2025-07-09","lssgzqh@outlook.com","8650036597","India","Credit Card"
"T00753",467.41,"2024-07-02","golmoze@mail.com","27906945","Singapore","UPI"
"T00754",4286.55,"2025-08-11","xnsevio@mail.com","9063531620","India","Net Banking"
"T00755",3321.21,"2025-01-04","tksilar@yahoo.com","2573329351","India","Net Banking"
"T00756",936.59,"2024-09-09","qdnohkw@yahoo.com","59514269","Singapore","Debit Card"
"T00757",3614.88,"2025-05-09","eykzeyf@yahoo.com","36618917","Singapore","Net Banking"
"T00758",138.04,"2025-10-23","mgkwipt@outlook.com","82161655","Singapore","Credit Card"
"T00759",2999.02,"2024-06-17","bnspgav@yahoo.com","30218221","Singapore","Wallet"
"T00760",4089.52,"2025-05-02","syculia@outlook.com","9188270713","India","Wallet"
"T00761",3483.43,"2025-06-20","mbtdmhd@outlook.com","4895974985","India","UPI"
"T00762",2699.19,"2024-10-13","hemiitr@outlook.com","74387825","Singapore","Net Banking"
"T00763",4838.5,"2025-12-10","lidwwbu@outlook.com","6580268913","India","Net Banking"
"T00764",1049.64,"2024-11-27","iafqoec@outlook.com","2563671969","India","UPI"
"T00765",4495.36,"2025-03-27","shktdvz@yahoo.com","92902878","Singapore","Credit Card"
"T00766",960.21,"2024-03-05","dpwqqqb@gmail.com","8544253574","India","Credit Card"
"T00767",892.94,"2024-07-04","xmitjqm@mail.com","15010887","Singapore","UPI"
"T00768",3650.49,"2025-02-05","bwsyqel@yahoo.com","1779699931","India","Wallet"
"T00769",3707.56,"2024-06-24","yturpqg@yahoo.com","2167258253","India","UPI"
"T00770",2450.63,"2025-10-22","mtmekga@outlook.com","2287671488","India","UPI"
"T00771",942.11,"2024-06-27","leirptx@gmail.com","2781995106","India","Credit Card"
"T00772",3968.24,"2025-02-10","ssbeabt@mail.com","6985553277","India","Net Banking"
"T00773",931.43,"2025-10-14","nyuxuvb@gmail.com","23968851","Singapore","Credit Card"
"T00774",4177.57,"2024-06-15","ywoycuq@yahoo.com","77530346","Singapore","Wallet"
"T00775",292.88,"2024-07-20","xozcrmp@gmail.com","1011216744","India","Debit Card"
"T00776",584.68,"2026-02-28","tcckded@gmail.com","4769791670","India","Wallet"
"T00777",2162.93,"2024-12-11","faeqrhn@yahoo.com","7212766130","India","Net Banking"
"T00778",759.14,"2024-10-20","javfwzj@mail.com","8076826516","India","UPI"
"T00779",3884.05,"2024-08-22","zdhljij@outlook.com","7182071140","India","Credit Card"
"T00780",3075.11,"2025-05-05","gmbpbsz@mail.com","45418591","Singapore","Net Banking"
"T00781",4765.04,"2024-06-11","vrqfshg@gmail.com","03995744","Singapore","Net Banking"
"T00782",1860.73,"2025-08-27","rzjlegm@gmail.com","1840001712","India","UPI"
"T00783",510.88,"2025-02-12","hymlbac@outlook.com","4107974104","India","Debit Card"
"T00784",2315.11,"2024-08-22","izvhzym@yahoo.com","8170515534","India","UPI"
"T00785",2485.91,"2024-07-28","dafrwfk@mail.com","98841302","Singapore","Debit Card"
"T00786",104.71,"2024-02-28","zkliipt@gmail.com","05612065","Singapore","Wallet"
"T00787",4104.53,"2025-07-30","twqhagz@gmail.com","3126056549","India","Wallet"
"T00788",3198.02,"2025-10-25","bmldkpt@gmail.com","43022042","Singapore","Debit Card"
"T00789",3813.35,"2025-03-23","etzrppx@mail.com","8082889120","India","UPI"
"T00790",537.4,"2025-02-24","berauqc@gmail.com","2675587411","India","UPI"
"T00791",3657.47,"2025-07-04","nphravb@mail.com","8317483595","India","UPI"
"T00792",2193.96,"2024-01-12","obaokir@yahoo.com","83050601","Singapore","UPI"
"T00793",3959.4,"2025-09-06","ronmtpz@mail.com","60037277","Singapore","UPI"
"T00794",1779.5,"2024-02-15","mogmrvo@yahoo.com","3319586616","India","Wallet"
"T00795",3513.04,"2024-10-16","vjosylg@outlook.com","14133195","Singapore","Debit Card"
"T00796",1383.33,"2025-07-13","dnoufnn@yahoo.com","68124974","Singapore","Wallet"
"T00797",2130.32,"2025-09-30","vcbzcxz@yahoo.com","3758987127","India","Credit Card"
"T00798",941.04,"2024-09-11","bgociva@yahoo.com","39742646","Singapore","Debit Card"
"T00799",1375.26,"2025-08-03","kvmtxyb@yahoo.com","75550590","Singapore","UPI"
"T00800",4168.31,"2024-05-28","cchnzuv@yahoo.com","96956582","Singapore","Wallet"
"T00801",3485.43,"2025-07-16","lyjixci@outlook.com","98011518","Singapore","UPI"
"T00802",1239.52,"2025-01-25","xbcmksf@mail.com","23471523","Singapore","Credit Card"
"T00803",2432.69,"2024-02-20","arouhzg@gmail.com","23387754","Singapore","UPI"
"T00804",259.51,"2025-03-22","gauiljt@outlook.com","50497915","Singapore","Wallet"
"T00805",2131.51,"2024-09-05","wjuwuwe@mail.com","3216639094","India","Debit Card"
"T00806",882.79,"2024-10-28","etlzmri@yahoo.com","7631170395","India","Net Banking"
"T00807",4966.93,"2024-01-07","tzamnks@yahoo.com","10583989","Singapore","Net Banking"
"T00808",683.2,"2026-01-05","kgevbsx@gmail.com","22783467","Singapore","Wallet"
"T00809",2311.41,"2024-12-24","zqjgnid@yahoo.com","5837906433","India","UPI"
"T00810",3701.44,"2024-07-20","vbdfyzh@mail.com","66804772","Singapore","Net Banking"
"T00811",2451.53,"2024-02-01","evorvxj@gmail.com","6086320360","India","Wallet"
"T00812",1631.75,"2025-07-12","ndqfwwa@gmail.com","5734298312","India","Net Banking"
"T00813",1316.82,"2024-02-24","vfnjbpf@gmail.com","06786251","Singapore","UPI"
"T00814",4371.93,"2026-01-22","kqpznux@gmail.com","39478186","Singapore","Net Banking"
"T00815",1170.43,"2024-04-01","wzozsed@yahoo.com","86512519","Singapore","Wallet"
"T00816",160.12,"2024-06-09","yoznnbp@yahoo.com","11802806","Singapore","UPI"
"T00817",2175.51,"2024-04-27","bavpwxr@mail.com","15813007","Singapore","Wallet"
"T00818",4643.5,"2025-10-27","gyptuhu@yahoo.com","13858701","Singapore","Credit Card"
"T00819",4178.15,"2025-02-17","xavhitj@gmail.com","39048320","Singapore","UPI"
"T00820",1502.46,"2024-03-29","ssxyzal@outlook.com","16957450","Singapore","Wallet"
"T00821",2155.18,"2025-07-15","fojsokk@mail.com","7555561566","India","Wallet"
"T00822",1826.78,"2025-01-14","uljvoxa@yahoo.com","1918738658","India","Debit Card"
"T00823",83.32,"2024-03-21","oayxjdb@mail.com","35914207","Singapore","UPI"
"T00824",1931.63,"2024-07-08","ucrvohp@mail.com","94119354","Singapore","Net Banking"
"T00825",1339.34,"2024-05-15","corjvbl@yahoo.com","05184059","Singapore","Credit Card"
"T00826",3164.27,"2024-08-12","yxkylfd@mail.com","9596882046","India","Wallet"
"T00827",812.98,"2024-09-25","sgdkkyy@outlook.com","0079670130","India","Debit Card"
"T00828",4430.68,"2024-04-21","zriltbj@mail.com","05100430","Singapore","UPI"
"T00829",4531.19,"2025-10-31","cnuoihv@yahoo.com","75452835","Singapore","Net Banking"
"T00830",3832.3,"2025-02-27","vcqsyzf@outlook.com","80970203","Singapore","Wallet"
"T00831",1116.68,"2024-07-06","bxfwujg@yahoo.com","39408947","Singapore","UPI"
"T00832",2945.55,"2024-08-12","zzxynoz@outlook.com","8399929530","India","UPI"
"T00833",3526.39,"2025-02-06","jqjjkfe@gmail.com","55371467","Singapore","Wallet"
"T00834",4448.52,"2024-04-12","yzmnkpr@yahoo.com","3296071073","India","Debit Card"
"T00835",4089.69,"2024-10-01","sceacdl@outlook.com","79390876","Singapore","Credit Card"
"T00836",1604.34,"2024-12-11","fsewzrr@outlook.com","4834080411","India","Wallet"
"T00837",4654.44,"2025-12-26","trqxrvb@mail.com","2623728121","India","Credit Card"
"T00838",2147.76,"2025-06-02","pzhbhpc@yahoo.com","9368937235","India","Debit Card"
"T00839",1813.12,"2024-03-13","akmyaao@gmail.com","0342789561","India","Debit Card"
"T00840",2855.68,"2024-10-22","hszwakl@yahoo.com","3013049313","India","Net Banking"